[{"id":"6281310253704@c.us","nama":"Naisa","umur":"20"},{"id":"6282164421968@c.us","nama":"Rafli","umur":"18"},{"id":"6285809114232@c.us","nama":"teguh","umur":"18"},{"id":"6281617401785@c.us","nama":"AFS_Media","umur":"25"},{"id":"6287895846208@c.us","nama":"han","umur":"20"},{"id":"6281291516935@c.us","nama":"zull","umur":"19"},{"id":"62895626516111@c.us","nama":"putra","umur":"17"},{"id":"6281248115159@c.us","nama":"dito","umur":"18"},{"id":"6287704746977@c.us","nama":"izam","umur":"18"},{"id":"62895605421965@c.us","nama":"jess","umur":"17"}]